grad_step,env_steps,window_len,penalty_len,n_windows,unique_eps,critic,sv_01,sv_02,sv_03,sv_04,sv_05,sv_06,sv_07,sv_08,sv_09,sv_10,sv_11,sv_12,sv_13,sv_14,sv_15,sv_16,sv_17,pen_sv_01,pen_sv_02,pen_sv_03
0,101,17,3,215,1,0,3.535963296890259,3.1891186237335205,1.5161978006362915,0.8931861519813538,0.46218809485435486,0.4197855293750763,0.39402762055397034,0.38384702801704407,0.3586156368255615,0.35099518299102783,0.33567407727241516,0.301005482673645,0.2847316265106201,0.25028663873672485,0.24571415781974792,0.2220631241798401,0.2088439017534256,2.193816900253296,0.4922480881214142,0.2627525329589844
0,101,17,3,215,1,1,17.795530319213867,6.315231800079346,4.088190078735352,1.766605019569397,0.9008840322494507,0.8778645992279053,0.6633683443069458,0.5727640986442566,0.5401404500007629,0.47902360558509827,0.4670787751674652,0.44816261529922485,0.42466244101524353,0.41599518060684204,0.3430292308330536,0.2777675688266754,0.2564944326877594,7.862863540649414,0.9507320523262024,0.43118613958358765
200,301,17,3,228,2,0,637.2688598632812,132.612548828125,110.92277526855469,31.676733016967773,13.403946876525879,6.680557727813721,3.7917447090148926,2.8696818351745605,2.4308247566223145,1.7355579137802124,1.6499958038330078,1.5424638986587524,1.4445602893829346,1.376615285873413,1.2392044067382812,1.1886112689971924,1.1510162353515625,276.6181945800781,19.895328521728516,2.649543523788452
200,301,17,3,228,2,1,636.909423828125,131.7518768310547,109.28791046142578,30.93782615661621,12.449237823486328,6.2688984870910645,3.5788488388061523,2.603818416595459,1.9488425254821777,1.6049174070358276,1.378577709197998,1.2513524293899536,1.1970103979110718,1.0650849342346191,1.056504249572754,1.0103312730789185,0.8726641535758972,276.43121337890625,19.576236724853516,2.418863534927368
400,501,17,3,234,3,0,807.3284301757812,158.9892120361328,129.2579803466797,42.35974884033203,19.893484115600586,10.98410701751709,5.847776412963867,3.3500845432281494,2.216839075088501,1.4762979745864868,1.26316499710083,1.2044034004211426,1.1513006687164307,1.0828686952590942,0.9685007929801941,0.8945289254188538,0.7769378423690796,357.8614807128906,24.20438575744629,2.7879810333251953
400,501,17,3,234,3,1,806.61181640625,158.8591766357422,128.8999786376953,41.87226486206055,19.139225006103516,10.635043144226074,5.8563456535339355,3.54630708694458,2.4419076442718506,1.7248915433883667,1.482809066772461,1.4050618410110474,1.33075749874115,1.2745572328567505,1.2373579740524292,1.219306468963623,1.128050684928894,357.412353515625,24.015785217285156,2.8085994720458984
600,701,17,3,237,4,0,1001.989013671875,171.02096557617188,134.28407287597656,44.76873016357422,21.837444305419922,11.941850662231445,7.568165302276611,4.154697418212891,2.583711862564087,1.7956162691116333,1.499292254447937,1.4267568588256836,1.2242623567581177,1.0484507083892822,0.9140968322753906,0.8138877749443054,0.7478753328323364,436.7684326171875,25.046947479248047,3.3668711185455322
600,701,17,3,237,4,1,1003.1962280273438,171.3367156982422,134.56129455566406,44.8679084777832,21.794124603271484,12.007658958435059,7.762158393859863,4.25683069229126,2.7119786739349365,1.993408441543579,1.5811264514923096,1.3891568183898926,1.332925796508789,1.1445308923721313,1.0826711654663086,1.041020393371582,0.8748160600662231,437.2353515625,25.115474700927734,3.4565699100494385
800,901,17,3,236,5,0,1176.0408935546875,205.24537658691406,156.90847778320312,57.797054290771484,25.298358917236328,14.491778373718262,7.715513229370117,4.971561908721924,3.12235426902771,1.8671740293502808,1.5625545978546143,1.23031747341156,1.106285572052002,0.9194291830062866,0.791210949420929,0.7736209034919739,0.7074934840202332,518.5037841796875,28.841712951660156,3.5408506393432617
800,901,17,3,236,5,1,1173.3955078125,205.14910888671875,156.680908203125,57.533355712890625,24.888139724731445,14.441458702087402,7.792726993560791,5.2580246925354,3.216789484024048,2.0209178924560547,1.7590640783309937,1.459011435508728,1.2567170858383179,1.2116769552230835,1.049831509590149,1.0119316577911377,0.9094361662864685,517.2925415039062,28.68524932861328,3.9327220916748047
1000,1101,17,3,230,6,0,1355.9412841796875,213.30087280273438,158.56039428710938,62.11814880371094,26.584585189819336,14.947688102722168,8.158907890319824,4.918706893920898,3.243006706237793,2.2565255165100098,1.5039037466049194,1.263815999031067,0.9576433897018433,0.8108590245246887,0.7278116345405579,0.6417189240455627,0.5724523663520813,593.1732177734375,30.226415634155273,4.122079372406006
1000,1101,17,3,230,6,1,1355.859375,212.7755584716797,158.13511657714844,62.01420593261719,26.405914306640625,15.028237342834473,8.424293518066406,4.875746250152588,3.06376314163208,2.077045440673828,1.508852243423462,1.3480464220046997,1.2430706024169922,1.0851229429244995,0.967685341835022,0.946115255355835,0.7775238752365112,593.0185546875,30.119953155517578,3.861659288406372
1200,1301,17,3,231,7,0,1569.596435546875,233.67396545410156,169.58779907226562,63.23211669921875,30.058795928955078,16.245588302612305,8.947155952453613,4.944404125213623,2.8615670204162598,1.852513313293457,1.5184165239334106,0.9934298396110535,0.8793123364448547,0.8605927228927612,0.7554495930671692,0.6355426907539368,0.5939756631851196,676.802001953125,35.16422653198242,3.3135008811950684
1200,1301,17,3,231,7,1,1572.1083984375,233.94580078125,169.58395385742188,63.19881057739258,29.98095703125,16.245800018310547,9.210302352905273,5.105340480804443,2.839348554611206,1.6361181735992432,1.3103336095809937,1.2431831359863281,1.0976587533950806,1.0231688022613525,0.9707273244857788,0.8528422117233276,0.798601508140564,677.8839111328125,35.20186233520508,3.2029197216033936
1400,1501,17,3,231,8,0,1760.8046875,263.6487731933594,176.54800415039062,67.11624145507812,30.566476821899414,15.513279914855957,9.531083106994629,5.442676067352295,3.3465137481689453,1.7777070999145508,1.3870010375976562,1.1528863906860352,1.008705496788025,0.9187489748001099,0.8535510897636414,0.7750430107116699,0.708376407623291,762.1026611328125,34.27688980102539,4.493861675262451
1400,1501,17,3,231,8,1,1761.022705078125,263.361572265625,176.17054748535156,67.04798889160156,30.31310272216797,15.394021034240723,9.570368766784668,5.753578186035156,3.3380634784698486,1.7801225185394287,1.3885554075241089,1.2891780138015747,1.1363286972045898,1.0584858655929565,0.930584728717804,0.8457237482070923,0.7559656500816345,762.2294311523438,34.08302307128906,4.551273822784424
1600,1701,17,3,231,9,0,1973.79345703125,239.1397247314453,198.72305297851562,58.43208312988281,28.372108459472656,15.180420875549316,8.090277671813965,4.9556684494018555,2.689566135406494,1.8941688537597656,1.4003647565841675,1.1389460563659668,1.015967607498169,0.9675275087356567,0.8997401595115662,0.7914796471595764,0.6525534391403198,844.819091796875,31.658437728881836,3.753509998321533
1600,1701,17,3,231,9,1,1975.162841796875,239.21192932128906,198.58700561523438,58.34779357910156,28.142478942871094,15.047707557678223,8.518411636352539,5.10690975189209,2.5316965579986572,1.7545093297958374,1.322930097579956,1.2522813081741333,1.1501511335372925,0.8908517956733704,0.8492851853370667,0.677281379699707,0.6609411239624023,845.4613037109375,31.77239990234375,3.8110110759735107
1800,1901,17,3,230,10,0,2161.44580078125,306.9921569824219,205.8162078857422,82.62089538574219,28.06669044494629,17.796001434326172,9.216340065002441,4.473638534545898,2.6058926582336426,1.7848855257034302,1.6429502964019775,1.3328238725662231,1.2059078216552734,1.0673106908798218,0.9972143173217773,0.9526370167732239,0.869624674320221,930.41455078125,38.478721618652344,4.034635066986084
1800,1901,17,3,230,10,1,2166.4873046875,308.2233581542969,206.03189086914062,82.33307647705078,28.109020233154297,18.034320831298828,9.537446975708008,4.872708320617676,2.554143190383911,1.8456443548202515,1.81697416305542,1.3874222040176392,1.121248722076416,1.085124135017395,0.9861747026443481,0.885845959186554,0.7990098595619202,932.6096801757812,38.359886169433594,4.126800060272217
2000,2101,17,3,231,11,0,2352.190673828125,331.2913513183594,230.7427520751953,79.29007720947266,33.63007354736328,17.1629695892334,9.003246307373047,4.288160800933838,2.9143645763397217,2.07511043548584,1.782274603843689,1.5957120656967163,1.329972505569458,1.2951538562774658,1.0603564977645874,0.9965883493423462,0.8823053240776062,1016.5949096679688,43.91596984863281,4.49650764465332
2000,2101,17,3,231,11,1,2350.5986328125,331.63848876953125,230.87794494628906,79.22264862060547,33.529380798339844,17.16783905029297,8.975345611572266,4.701217174530029,2.821843147277832,1.9935879707336426,1.7387317419052124,1.4537630081176758,1.3436317443847656,1.3265336751937866,1.1053272485733032,0.9031989574432373,0.8662847876548767,1015.9998779296875,44.01597595214844,4.505659103393555
2200,2301,17,3,234,12,0,2551.33251953125,369.62567138671875,251.3836212158203,73.25242614746094,33.0013542175293,14.0329008102417,7.852305889129639,3.567521572113037,2.562220335006714,1.8362174034118652,1.4391703605651855,1.3837260007858276,1.2753719091415405,1.202736258506775,1.0187402963638306,0.9650201797485352,0.8263505101203918,1093.9251708984375,45.6348876953125,4.221474647521973
2200,2301,17,3,234,12,1,2585.08056640625,372.3323974609375,253.79360961914062,73.54084777832031,33.05085372924805,14.051497459411621,8.12507438659668,3.695117712020874,2.827376127243042,1.8679980039596558,1.4396936893463135,1.4036165475845337,1.1549006700515747,1.0920385122299194,0.9984753131866455,0.9467161297798157,0.7887815237045288,1108.1798095703125,45.6091194152832,4.3026123046875
2400,2501,17,3,235,13,0,2710.628173828125,414.34619140625,288.7481384277344,84.36949157714844,35.60239028930664,14.947732925415039,7.555274486541748,4.42744255065918,2.8648455142974854,1.967093825340271,1.7966634035110474,1.5310920476913452,1.3336080312728882,1.2664185762405396,1.106833815574646,1.027620553970337,0.8626997470855713,1176.901123046875,51.39063262939453,4.764631748199463
2400,2501,17,3,235,13,1,2707.65771484375,413.9976501464844,288.93017578125,84.36933135986328,35.55748748779297,14.657910346984863,7.655856132507324,4.246236801147461,2.840169906616211,2.121514081954956,1.7038887739181519,1.6879992485046387,1.5211127996444702,1.294573426246643,1.1833053827285767,1.1186444759368896,1.0403645038604736,1175.6534423828125,51.0823974609375,4.390003681182861
2600,2701,17,3,234,14,0,2877.9833984375,469.94390869140625,297.3544921875,82.5362777709961,33.685768127441406,14.847969055175781,8.217178344726562,4.397428035736084,3.1041901111602783,2.2110397815704346,1.8091905117034912,1.4894131422042847,1.3865525722503662,1.225888967514038,1.2114967107772827,1.045066475868225,0.949739933013916,1242.1973876953125,54.002567291259766,4.835714340209961
2600,2701,17,3,234,14,1,2884.232666015625,470.18902587890625,297.63665771484375,82.35194396972656,33.943443298339844,15.002257347106934,8.33293628692627,4.185780048370361,3.3953194618225098,2.393009662628174,1.727593183517456,1.6241861581802368,1.5145033597946167,1.399125337600708,1.3473339080810547,1.1697170734405518,1.1212735176086426,1244.9044189453125,53.95911407470703,4.568382263183594
2800,2901,17,3,235,15,0,3059.4599609375,500.509765625,331.07708740234375,81.10662078857422,37.70362091064453,15.147571563720703,7.268735408782959,4.153740882873535,2.8241798877716064,2.239116907119751,1.8727408647537231,1.641756534576416,1.5059853792190552,1.2477505207061768,1.1337335109710693,1.0113753080368042,0.9457547664642334,1311.80029296875,58.59775161743164,5.289307594299316
2800,2901,17,3,235,15,1,3059.94189453125,501.9568786621094,332.0010681152344,81.3263931274414,37.74130630493164,15.559450149536133,7.496104717254639,4.569494247436523,3.0273921489715576,2.462416887283325,2.013190269470215,1.8191466331481934,1.7787749767303467,1.3962398767471313,1.366146445274353,1.2030231952667236,1.1363760232925415,1312.1326904296875,58.74169158935547,5.113617420196533
3000,3101,17,3,229,16,0,3202.23388671875,578.8978881835938,331.38848876953125,89.4946517944336,35.69007110595703,14.079264640808105,7.299228668212891,4.6128106117248535,3.5380990505218506,2.694539785385132,2.1040544509887695,1.8902868032455444,1.5475932359695435,1.4156805276870728,1.3163526058197021,1.1956346035003662,1.116984486579895,1406.830322265625,62.458553314208984,5.809511184692383
3000,3101,17,3,229,16,1,3189.810546875,577.79931640625,331.2146911621094,89.24189758300781,35.53483200073242,14.064377784729004,7.173671245574951,4.878363132476807,3.6584835052490234,2.9532854557037354,2.102358102798462,1.9490553140640259,1.7486515045166016,1.46998929977417,1.39646577835083,1.2688530683517456,1.1585193872451782,1401.57470703125,62.5618896484375,5.844961166381836
3200,3301,17,3,231,17,0,3311.9775390625,643.7867431640625,351.8480224609375,91.23926544189453,35.38041305541992,16.18435287475586,7.44318962097168,5.212359428405762,3.956871509552002,2.7867043018341064,2.0601611137390137,1.9220361709594727,1.5615040063858032,1.468770146369934,1.3867193460464478,1.2814174890518188,1.2587344646453857,1437.760009765625,62.808841705322266,6.26331901550293
3200,3301,17,3,231,17,1,3310.8701171875,641.5089721679688,350.7107238769531,90.64463806152344,35.052860260009766,15.535616874694824,7.425656318664551,5.29937744140625,4.130961894989014,2.696178674697876,2.462341070175171,2.0051257610321045,1.9032535552978516,1.4897691011428833,1.3717269897460938,1.338279128074646,1.2584267854690552,1436.9949951171875,62.172119140625,6.009908199310303
3400,3501,17,3,235,18,0,3441.236328125,685.076904296875,398.1085510253906,100.03157806396484,39.08702850341797,16.276973724365234,7.394383430480957,6.118861675262451,4.60612678527832,3.1847541332244873,2.5616612434387207,2.2274930477142334,1.843613862991333,1.6570653915405273,1.5211254358291626,1.4446659088134766,1.2463027238845825,1492.663818359375,74.91431427001953,6.329117774963379
3400,3501,17,3,235,18,1,3447.010498046875,685.1099243164062,398.6010437011719,100.21824645996094,38.86082458496094,16.006851196289062,7.317510604858398,6.066568374633789,4.49064826965332,3.0504772663116455,2.7941296100616455,2.278085947036743,1.9852426052093506,1.8595237731933594,1.6664221286773682,1.4299230575561523,1.3118950128555298,1494.9971923828125,74.90451049804688,6.506619453430176
3600,3701,17,3,235,19,0,3532.829345703125,712.7403564453125,437.7445373535156,103.63447570800781,45.13663864135742,16.766708374023438,8.84550952911377,6.527307033538818,5.247952461242676,3.5201542377471924,2.8225371837615967,2.6482105255126953,2.209397792816162,1.9875402450561523,1.8520865440368652,1.6947704553604126,1.3917317390441895,1529.145263671875,78.44367218017578,6.645042896270752
3600,3701,17,3,235,19,1,3530.8896484375,712.6522827148438,437.44940185546875,102.3648910522461,45.42566680908203,17.069358825683594,9.25240421295166,6.886168479919434,5.032141208648682,3.6596813201904297,3.344381332397461,2.6429460048675537,2.4284510612487793,2.2847235202789307,1.9558424949645996,1.7235785722732544,1.7100212574005127,1528.096923828125,78.61463928222656,6.929111480712891
3800,3901,17,3,235,20,0,3662.0244140625,753.0013427734375,438.88226318359375,102.6650390625,40.54541015625,16.558134078979492,10.247505187988281,8.018613815307617,5.672904968261719,3.756887197494507,3.042790651321411,2.806469440460205,2.3070013523101807,2.112321615219116,1.844804048538208,1.665432095527649,1.5373241901397705,1558.1282958984375,80.89026641845703,6.508349418640137
3800,3901,17,3,235,20,1,3667.304443359375,754.0950317382812,439.77642822265625,103.1087646484375,40.391510009765625,16.23900032043457,10.438985824584961,8.261783599853516,5.805927753448486,3.8331711292266846,3.319091796875,2.951814889907837,2.337229013442993,2.1257619857788086,2.067249298095703,1.9473375082015991,1.5677592754364014,1560.5040283203125,80.96369171142578,6.745754718780518
4000,4101,17,3,233,21,0,3725.39697265625,781.2526245117188,423.5193786621094,112.41023254394531,38.34978103637695,16.688274383544922,10.85400676727295,6.813990592956543,5.905097484588623,3.841148853302002,3.2867631912231445,2.852595329284668,2.612577438354492,2.322091579437256,2.1362390518188477,1.777726411819458,1.6656444072723389,1642.9622802734375,84.56686401367188,6.226139545440674
4000,4101,17,3,233,21,1,3723.333740234375,779.5784912109375,423.2569580078125,111.84019470214844,38.29688262939453,16.728544235229492,11.120682716369629,7.958120346069336,6.1932525634765625,3.9604077339172363,3.3845794200897217,2.923466920852661,2.6693742275238037,2.323823928833008,2.2008728981018066,2.021843671798706,1.896389126777649,1641.8558349609375,84.79792022705078,6.270802021026611
4200,4301,17,3,233,22,0,3941.43505859375,801.3024291992188,413.15106201171875,98.98960876464844,41.42665481567383,16.574752807617188,10.595963478088379,8.096948623657227,5.422158241271973,4.038712024688721,3.4860384464263916,2.855689525604248,2.7000572681427,2.389124870300293,2.183009386062622,2.0996010303497314,1.8978796005249023,1713.829833984375,79.9947738647461,7.359179496765137
4200,4301,17,3,233,22,1,3931.626220703125,798.3112182617188,411.7317199707031,98.76187133789062,41.34973907470703,16.867563247680664,11.596412658691406,8.72321605682373,5.729428291320801,4.011130332946777,3.4830522537231445,3.0386221408843994,2.7583811283111572,2.6708414554595947,2.497331142425537,2.2621841430664062,1.922471284866333,1709.5323486328125,79.20751953125,7.227382659912109
4400,4501,17,3,236,23,0,3969.436279296875,838.9737548828125,423.94976806640625,109.50027465820312,38.5687370300293,17.61734390258789,13.201305389404297,9.484795570373535,6.313699245452881,4.219651222229004,3.6518940925598145,2.905552387237549,2.763744592666626,2.3727352619171143,2.275878667831421,2.1486003398895264,2.087534189224243,1707.0423583984375,79.77409362792969,6.939094543457031
4400,4501,17,3,236,23,1,3969.4609375,836.2445678710938,422.2171325683594,109.41043853759766,38.95440673828125,18.38642692565918,14.314184188842773,9.851799011230469,6.456037521362305,4.361263275146484,3.5794930458068848,3.299043655395508,3.145369529724121,2.8854031562805176,2.644564390182495,2.3870410919189453,2.193148136138916,1706.6407470703125,78.96583557128906,6.962923049926758
4600,4701,17,3,235,24,0,4189.3212890625,817.3623046875,440.08184814453125,105.6080322265625,41.800636291503906,18.42062759399414,13.062444686889648,9.607507705688477,6.284157752990723,4.567698001861572,3.8686320781707764,3.4134721755981445,2.8503901958465576,2.3943569660186768,2.312209367752075,2.0898165702819824,1.906212568283081,1791.0986328125,82.77157592773438,7.2237091064453125
4600,4701,17,3,235,24,1,4189.31884765625,816.0087280273438,439.1662902832031,105.09524536132812,41.874542236328125,18.769075393676758,14.146138191223145,10.46471881866455,6.958559513092041,4.683114051818848,4.178740978240967,3.6091747283935547,2.955320119857788,2.8354923725128174,2.4919087886810303,2.3166000843048096,2.002981662750244,1791.1942138671875,82.88153839111328,7.608961582183838
4800,4901,17,3,236,25,0,4208.58544921875,850.0149536132812,436.2363586425781,112.91014862060547,45.09761047363281,18.880756378173828,14.133919715881348,9.279936790466309,6.159552097320557,5.261096000671387,4.045266628265381,3.8191938400268555,2.937688112258911,2.582784652709961,2.454500675201416,2.1805524826049805,2.1458489894866943,1802.4193115234375,84.95799255371094,7.177062034606934
4800,4901,17,3,236,25,1,4209.77783203125,849.8499755859375,436.6403503417969,112.43746948242188,44.5601806640625,20.171493530273438,14.654166221618652,10.01264762878418,7.008345603942871,5.4580793380737305,4.227732181549072,4.090610980987549,3.4029176235198975,2.937720537185669,2.6043944358825684,2.3958449363708496,2.27592396736145,1802.97021484375,85.38615417480469,7.446603775024414
5000,5101,17,3,232,26,0,4275.73291015625,809.3131103515625,416.3731689453125,112.19966125488281,39.79762268066406,20.179691314697266,14.54535961151123,10.139883041381836,7.484571933746338,5.3380818367004395,4.601564884185791,3.686950922012329,3.297475576400757,2.6387579441070557,2.56980037689209,2.3166725635528564,2.152125597000122,1840.1514892578125,86.22935485839844,7.022360801696777
5000,5101,17,3,232,26,1,4273.021484375,809.78564453125,416.6634521484375,111.49451446533203,39.317527770996094,20.540386199951172,15.26692008972168,10.711015701293945,7.495110034942627,5.082631587982178,4.638075828552246,3.9344727993011475,3.0117228031158447,2.95794939994812,2.682056188583374,2.225464105606079,2.054746627807617,1839.0604248046875,86.14521789550781,7.02345085144043
5200,5301,17,3,230,27,0,4257.2607421875,863.9894409179688,434.7449035644531,119.56683349609375,41.182044982910156,23.590742111206055,15.516641616821289,10.697834014892578,7.871815204620361,5.886144638061523,4.771812915802002,4.234272003173828,3.856411933898926,3.0977365970611572,2.8332650661468506,2.7526326179504395,2.382228374481201,1849.0384521484375,91.54512023925781,7.251139163970947
5200,5301,17,3,230,27,1,4276.24462890625,864.1366577148438,433.7625427246094,119.60197448730469,41.49399948120117,22.65435218811035,15.981415748596191,11.173385620117188,8.233097076416016,7.09611177444458,4.819607257843018,4.382528305053711,3.456169843673706,3.0863893032073975,2.9273478984832764,2.57175612449646,2.4589080810546875,1856.4442138671875,90.9891128540039,7.609630107879639
5400,5501,17,3,235,28,0,4472.38232421875,832.3824462890625,504.59173583984375,109.33552551269531,41.7926025390625,25.722700119018555,16.969087600708008,11.156587600708008,8.934453964233398,6.064342975616455,5.442173004150391,4.541902542114258,3.8042728900909424,3.461754560470581,3.157689332962036,3.0070536136627197,2.8964762687683105,1895.98681640625,95.63272857666016,6.880403518676758
5400,5501,17,3,235,28,1,4476.04248046875,832.298583984375,503.3961181640625,109.23257446289062,42.09930419921875,25.886756896972656,17.03972816467285,12.727272987365723,9.646112442016602,6.601859092712402,5.641707897186279,4.644909858703613,3.7994840145111084,3.5015060901641846,3.3450257778167725,3.080721616744995,3.01214337348938,1897.6834716796875,95.85004425048828,7.674601078033447
5600,5701,17,3,237,29,0,4553.82080078125,879.3357543945312,466.1240539550781,121.0995101928711,47.20575714111328,28.080751419067383,15.849638938903809,11.31728744506836,9.442691802978516,6.476231575012207,5.093751430511475,4.475675106048584,3.868328094482422,3.4715354442596436,3.349691867828369,2.956153631210327,2.760974884033203,1957.0048828125,85.79693603515625,6.75660514831543
5600,5701,17,3,237,29,1,4548.0859375,878.18701171875,466.1814270019531,120.96803283691406,47.879276275634766,27.976953506469727,17.12146759033203,12.115429878234863,9.4088716506958,7.4215898513793945,5.13637638092041,4.299549579620361,3.6741514205932617,3.5893030166625977,3.3599071502685547,3.2507429122924805,2.885319232940674,1954.1348876953125,85.84886169433594,7.102274417877197
5800,5901,17,3,234,30,0,4693.369140625,916.3651733398438,464.2452697753906,106.34674072265625,52.67171096801758,28.724294662475586,16.270170211791992,10.831034660339355,9.612149238586426,6.919424533843994,5.97578239440918,4.549594402313232,4.084611892700195,3.621702194213867,3.5843849182128906,3.0460257530212402,2.78108811378479,1962.51123046875,88.20713806152344,8.726165771484375
5800,5901,17,3,234,30,1,4693.04052734375,916.2206420898438,464.08563232421875,106.18000793457031,52.946163177490234,29.597816467285156,16.848323822021484,12.047065734863281,10.475984573364258,7.407412052154541,6.633885860443115,4.936471462249756,4.239173889160156,3.978292942047119,3.8350603580474854,3.551394462585449,3.126790761947632,1962.4932861328125,89.13123321533203,9.315069198608398
6000,6101,17,3,228,31,0,4643.86181640625,828.8307495117188,452.6150207519531,110.4083023071289,46.84735107421875,26.48064422607422,16.784666061401367,10.590187072753906,8.454827308654785,7.0608062744140625,5.55267333984375,4.666869163513184,4.103758811950684,3.707803249359131,3.3773610591888428,2.8819029331207275,2.303922176361084,1951.296630859375,88.64280700683594,8.710878372192383
6000,6101,17,3,228,31,1,4656.275390625,831.1201171875,454.6786193847656,109.48738861083984,47.4597282409668,27.44948387145996,17.487810134887695,10.937131881713867,9.47891902923584,7.235799789428711,5.750906944274902,5.179462432861328,4.374688625335693,3.7815353870391846,3.655759572982788,3.3993029594421387,2.911060333251953,1956.567626953125,90.03968811035156,8.737760543823242
6200,6301,17,3,231,32,0,4733.7099609375,926.0759887695312,421.29083251953125,122.49384307861328,48.56304931640625,28.839738845825195,17.025409698486328,12.11148738861084,7.755214214324951,7.244998455047607,5.9067487716674805,5.107490539550781,4.110384941101074,3.923551559448242,3.477125644683838,3.214348793029785,2.616732358932495,2041.271728515625,82.94806671142578,8.476806640625
6200,6301,17,3,231,32,1,4724.0224609375,922.5427856445312,419.4936218261719,121.48382568359375,47.644283294677734,28.370153427124023,17.11536979675293,12.231624603271484,8.295072555541992,7.645135879516602,6.6947550773620605,6.506545543670654,4.890281677246094,4.373842239379883,3.8257391452789307,3.6309454441070557,3.1963679790496826,2037.946044921875,82.15953063964844,8.791631698608398
6400,6501,17,3,232,33,0,4876.2158203125,909.1243896484375,407.4004821777344,115.89180755615234,54.07566833496094,26.915721893310547,17.22542381286621,10.963018417358398,8.087604522705078,7.011940956115723,5.67596960067749,4.9905595779418945,3.96354603767395,3.587512969970703,3.563946485519409,3.0785672664642334,2.984488010406494,2062.251708984375,82.3720474243164,7.389482498168945
6400,6501,17,3,232,33,1,4873.53759765625,907.16748046875,406.8868408203125,116.39071655273438,55.01643753051758,27.011905670166016,17.78708839416504,11.490440368652344,9.359111785888672,8.140954971313477,6.733310699462891,6.070651054382324,4.635703086853027,4.533030033111572,4.03030252456665,3.88611102104187,3.201202630996704,2061.153076171875,82.62074279785156,7.8192596435546875
6600,6701,17,3,221,34,0,4915.001953125,863.2880859375,415.6520690917969,118.1773910522461,55.373390197753906,29.38270378112793,16.372285842895508,11.137136459350586,7.988479137420654,6.312235355377197,5.519914627075195,4.614861488342285,4.074129104614258,4.038034439086914,3.628737688064575,3.3090314865112305,3.1219775676727295,2118.29052734375,92.90805053710938,7.529364109039307
6600,6701,17,3,221,34,1,4897.94091796875,862.52099609375,414.6501770019531,117.85697174072266,54.72488021850586,29.9851016998291,16.68390655517578,11.763997077941895,9.22797679901123,7.128076553344727,6.547550201416016,5.342976093292236,4.931922912597656,4.788703441619873,4.32103967666626,3.932292938232422,3.518771171569824,2110.857421875,92.95089721679688,8.427996635437012
6800,6901,17,3,235,35,0,5045.53466796875,833.8799438476562,436.0078430175781,131.8392333984375,56.03642272949219,31.877918243408203,20.484529495239258,11.588627815246582,9.463759422302246,7.346095085144043,5.914373397827148,5.5095624923706055,4.711155414581299,4.349508762359619,4.094433784484863,3.498561143875122,3.417839765548706,2145.126220703125,88.741943359375,7.921469688415527
6800,6901,17,3,235,35,1,5037.4599609375,832.47216796875,434.9464416503906,130.19827270507812,55.24095916748047,30.898223876953125,20.049135208129883,12.091919898986816,9.676172256469727,8.287052154541016,6.772497177124023,6.630115985870361,5.27543306350708,5.172273635864258,4.81050443649292,4.26567268371582,3.737231731414795,2141.764404296875,88.5280990600586,8.552769660949707
7000,7101,17,3,232,36,0,5114.09912109375,869.0145263671875,383.61163330078125,125.5390853881836,58.94021224975586,31.98435401916504,18.609716415405273,12.585637092590332,10.209075927734375,6.939390182495117,5.79080057144165,5.17987585067749,4.842383861541748,4.786719799041748,4.115869045257568,3.9257287979125977,3.1360228061676025,2162.154296875,82.947021484375,8.501382827758789
7000,7101,17,3,232,36,1,5115.1494140625,869.5674438476562,383.6222229003906,125.84355926513672,57.721256256103516,32.56529235839844,18.183792114257812,12.639092445373535,10.943567276000977,8.06794261932373,6.910462379455566,5.8243536949157715,5.015417575836182,4.548705577850342,4.1814188957214355,3.953031301498413,3.51218581199646,2162.501220703125,82.49366760253906,8.439996719360352
7200,7301,17,3,236,37,0,5282.29296875,917.847412109375,388.30145263671875,112.69944763183594,58.35015106201172,32.216163635253906,16.649892807006836,14.217872619628906,10.004136085510254,7.472207546234131,7.11865234375,5.368559837341309,5.135368347167969,4.492215156555176,4.215695858001709,4.023322582244873,3.796971321105957,2184.905517578125,85.08495330810547,9.68004035949707
7200,7301,17,3,236,37,1,5273.296875,917.447509765625,389.478271484375,112.7569351196289,59.18254852294922,30.964189529418945,16.874195098876953,14.600844383239746,10.404197692871094,8.987541198730469,7.359699249267578,6.087375164031982,5.460055351257324,4.95143461227417,4.5344061851501465,4.1864776611328125,3.9708251953125,2181.349853515625,84.73768615722656,9.77068042755127
7400,7501,17,3,236,38,0,5171.79345703125,867.362548828125,370.8924865722656,130.6924591064453,65.00933837890625,30.70513153076172,19.51688003540039,13.236968040466309,10.224842071533203,7.925809860229492,5.690404415130615,5.044726848602295,4.818159580230713,4.598209857940674,4.155618190765381,3.734389066696167,3.360804557800293,2221.82666015625,80.12937927246094,9.188587188720703
7400,7501,17,3,236,38,1,5235.61328125,870.7958984375,371.4524841308594,130.94558715820312,64.18074798583984,31.088987350463867,19.01595115661621,12.732906341552734,10.650530815124512,8.631196975708008,6.81071662902832,5.724300861358643,5.40402364730835,5.086477756500244,4.259380340576172,3.733811378479004,3.624199867248535,2247.21435546875,80.9151611328125,9.501676559448242
7600,7701,17,3,235,39,0,5234.400390625,909.1104736328125,380.36895751953125,109.11747741699219,58.42247772216797,33.144126892089844,20.48157501220703,12.205324172973633,8.871848106384277,7.303185939788818,6.675378799438477,5.791572570800781,5.2910895347595215,4.692533016204834,4.063239574432373,3.8485872745513916,3.2431130409240723,2121.438720703125,86.73192596435547,8.511962890625
7600,7701,17,3,235,39,1,5245.28564453125,912.7929077148438,380.72137451171875,110.50664520263672,60.04575729370117,33.45380401611328,20.755094528198242,13.100934982299805,9.699073791503906,8.367880821228027,7.138334274291992,6.689664363861084,6.363028526306152,5.519346237182617,5.038809776306152,4.5053558349609375,3.9045989513397217,2125.661376953125,86.79551696777344,8.49605655670166
7800,7901,17,3,233,40,0,5162.5859375,889.8930053710938,351.37078857421875,119.60478973388672,58.181983947753906,30.995830535888672,19.394840240478516,12.91183090209961,10.668642044067383,7.99274206161499,6.685944080352783,6.455644130706787,6.151275157928467,5.027719020843506,4.5767927169799805,4.157279014587402,4.091501712799072,2139.43896484375,82.09915161132812,10.232332229614258
7800,7901,17,3,233,40,1,5164.11181640625,892.9031372070312,354.01824951171875,120.04841613769531,58.090389251708984,31.165117263793945,19.53374481201172,14.07764720916748,10.477615356445312,9.20403003692627,7.749171733856201,6.678617000579834,6.0379180908203125,5.4594268798828125,5.421006202697754,5.041656017303467,4.5161542892456055,2139.75634765625,82.79983520507812,10.224261283874512
8000,8101,17,3,239,41,0,5294.63916015625,845.9048461914062,389.9271240234375,129.0991668701172,66.59725189208984,33.15974807739258,21.836597442626953,13.175600051879883,10.965534210205078,7.710196495056152,6.802794933319092,6.453176498413086,6.032314777374268,5.220733165740967,4.901155948638916,4.1346821784973145,3.728278636932373,2230.14794921875,79.67210388183594,9.466727256774902
8000,8101,17,3,239,41,1,5289.55322265625,844.7807006835938,389.6451110839844,128.59849548339844,67.00821685791016,32.970760345458984,21.27459144592285,14.67014217376709,11.579052925109863,8.692462921142578,7.920320510864258,7.013175964355469,6.501769542694092,5.3214921951293945,5.05517053604126,4.673488140106201,4.382531642913818,2227.98974609375,79.9165267944336,8.6209135055542
8200,8301,17,3,235,42,0,5292.5908203125,888.618896484375,365.1418762207031,116.21385955810547,69.02117156982422,37.35115432739258,23.06354522705078,17.286012649536133,10.954257011413574,8.597375869750977,7.03944206237793,5.977120876312256,5.2815327644348145,5.000555515289307,4.756228446960449,4.212752342224121,3.936969518661499,2183.869140625,82.79923248291016,9.284232139587402
8200,8301,17,3,235,42,1,5294.8359375,889.1160888671875,365.8611145019531,115.72942352294922,70.45189666748047,37.2220344543457,21.61848258972168,17.99324607849121,11.277727127075195,10.120155334472656,7.148898601531982,6.447707653045654,5.889501094818115,5.144575119018555,4.947750568389893,4.568193435668945,4.207231044769287,2184.837890625,83.79104614257812,9.68686294555664
8400,8501,17,3,230,43,0,5242.658203125,865.4290161132812,370.2098388671875,136.88629150390625,69.02420043945312,37.72704315185547,21.91271209716797,15.946280479431152,11.762551307678223,8.934590339660645,6.858418941497803,6.579314708709717,5.939692974090576,5.32082462310791,4.440727233886719,4.0460944175720215,3.783444881439209,2231.794677734375,82.23512268066406,7.5481276512146
8400,8501,17,3,230,43,1,5238.0673828125,866.097900390625,369.78265380859375,138.17245483398438,69.93154907226562,39.135372161865234,24.4915771484375,16.542186737060547,12.368233680725098,9.583732604980469,7.270751953125,6.629266262054443,6.173042297363281,5.218375205993652,4.866991996765137,4.4052300453186035,4.21774435043335,2229.652099609375,82.43040466308594,8.07541275024414
8600,8701,17,3,234,44,0,5351.24658203125,815.9760131835938,369.4939270019531,145.8500518798828,65.0949478149414,34.91761016845703,21.30225372314453,16.853485107421875,12.234079360961914,9.92582893371582,8.62351131439209,6.32112455368042,5.641716480255127,5.387566566467285,4.6298322677612305,4.491579055786133,4.2591328620910645,2215.577880859375,90.97035217285156,10.420044898986816
8600,8701,17,3,234,44,1,5361.22412109375,819.503662109375,369.8650207519531,144.7629852294922,63.95712661743164,35.286651611328125,21.8939151763916,17.215065002441406,14.1869478225708,10.357406616210938,8.767244338989258,6.932220935821533,6.51218318939209,5.760278224945068,5.32979679107666,4.939933776855469,4.506706237792969,2218.370849609375,91.2674789428711,11.359925270080566
8800,8901,17,3,230,45,0,5407.7841796875,868.231201171875,345.3767395019531,140.9532470703125,78.78977966308594,37.54133987426758,27.21664047241211,14.963367462158203,12.22443962097168,9.533027648925781,6.570388317108154,6.209925651550293,6.0517377853393555,5.444328784942627,4.717600345611572,4.550229072570801,4.017453193664551,2236.405029296875,88.92212677001953,11.521279335021973
8800,8901,17,3,230,45,1,5393.7880859375,865.0186157226562,343.76898193359375,140.3912811279297,76.387451171875,38.02777099609375,26.958322525024414,15.991081237792969,12.594779968261719,11.733601570129395,7.992431163787842,6.4517316818237305,5.911685943603516,5.581875324249268,5.311507225036621,5.021778583526611,4.345327377319336,2230.875732421875,87.92741394042969,11.952120780944824
9000,9101,17,3,233,46,0,5537.87744140625,801.819580078125,351.942626953125,151.42649841308594,73.16777801513672,43.91257858276367,25.45332145690918,17.48871612548828,11.425518035888672,10.557073593139648,7.953640460968018,6.351049423217773,6.067427635192871,4.755296230316162,4.399810314178467,4.188068866729736,3.9092884063720703,2274.352783203125,90.22795104980469,12.451839447021484
9000,9101,17,3,233,46,1,5564.81640625,803.6047973632812,353.7220458984375,155.5677490234375,72.70721435546875,43.817047119140625,26.440364837646484,19.934764862060547,13.374454498291016,10.480560302734375,8.830655097961426,7.8494415283203125,6.84915828704834,5.428122043609619,5.009257793426514,4.505129814147949,4.224315643310547,2284.656982421875,89.37762451171875,15.042158126831055
9200,9301,17,3,228,47,0,5554.5107421875,854.160400390625,343.0834045410156,140.5406494140625,85.59378814697266,38.724666595458984,26.988767623901367,17.29977035522461,11.943940162658691,9.349217414855957,8.151854515075684,6.952509880065918,6.221924781799316,5.809751033782959,5.125327110290527,4.708017349243164,4.266585826873779,2264.4599609375,84.58072662353516,10.931784629821777
9200,9301,17,3,228,47,1,5553.3544921875,854.4439086914062,342.41461181640625,141.28271484375,85.59163665771484,39.02601623535156,27.636003494262695,17.035503387451172,13.268385887145996,10.971988677978516,8.47638988494873,7.452644348144531,6.609973430633545,6.036108493804932,5.687981605529785,5.370987415313721,4.425499439239502,2263.42626953125,86.36621856689453,11.191439628601074
9400,9501,17,3,228,48,0,5566.1298828125,848.8687744140625,370.397705078125,149.85302734375,74.43729400634766,41.4819221496582,25.27740478515625,16.420785903930664,11.397881507873535,10.156593322753906,8.367131233215332,7.844944953918457,6.9125590324401855,6.081384658813477,5.409091949462891,5.216253757476807,4.375649929046631,2340.383544921875,90.88753509521484,10.205876350402832
9400,9501,17,3,228,48,1,5574.1689453125,848.5322265625,367.6872863769531,151.14370727539062,73.34720611572266,41.50944900512695,25.612197875976562,18.789506912231445,12.590253829956055,11.028077125549316,8.985641479492188,8.085280418395996,7.628805160522461,7.130410671234131,6.338770866394043,5.571052074432373,4.862991809844971,2343.92529296875,91.237548828125,10.986581802368164
9600,9701,17,3,232,49,0,5597.74169921875,878.1729736328125,380.47991943359375,155.56533813476562,80.95069122314453,46.08491516113281,27.857919692993164,19.12216567993164,13.055130958557129,9.804596900939941,9.491706848144531,7.7379279136657715,6.783546447753906,6.195547103881836,5.805153846740723,5.318130016326904,4.3395280838012695,2381.504150390625,83.79756164550781,11.370476722717285
9600,9701,17,3,232,49,1,5590.9013671875,876.4839477539062,381.2729797363281,156.6117401123047,82.87625122070312,48.549747467041016,28.13306999206543,20.127368927001953,14.165014266967773,11.283519744873047,10.026285171508789,7.927893161773682,6.93771505355835,6.510390758514404,6.094254970550537,5.668745994567871,5.115462303161621,2378.909423828125,85.45278930664062,12.382041931152344
9800,9901,17,3,228,50,0,5628.505859375,873.6937255859375,389.5604553222656,163.6650390625,87.93684387207031,44.54958724975586,28.073833465576172,19.535768508911133,11.527827262878418,10.737226486206055,9.475852966308594,8.077975273132324,6.356559753417969,5.906681537628174,5.587350368499756,5.26284646987915,4.524973392486572,2369.55029296875,100.16657257080078,10.07591438293457
9800,9901,17,3,228,50,1,5617.21826171875,871.2828979492188,387.3273620605469,164.3895721435547,89.6119155883789,43.57678985595703,28.37565040588379,22.127395629882812,13.524460792541504,11.752716064453125,10.107138633728027,8.285783767700195,7.161754608154297,5.81950569152832,5.303053379058838,5.054237365722656,4.719808101654053,2364.68603515625,101.51915740966797,10.694360733032227
10000,10101,17,3,227,51,0,5654.3349609375,874.1055908203125,358.0809631347656,139.61390686035156,79.00257110595703,43.3260383605957,30.636632919311523,20.617691040039062,13.006097793579102,10.69095230102539,9.382840156555176,8.611479759216309,7.2771735191345215,6.411324501037598,5.903112411499023,5.47006893157959,4.652507305145264,2335.11328125,77.05665588378906,10.661550521850586
10000,10101,17,3,227,51,1,5649.73095703125,870.7522583007812,354.76275634765625,142.08517456054688,80.4627914428711,43.6982307434082,31.787168502807617,23.54092025756836,15.067472457885742,11.260689735412598,8.836518287658691,8.071410179138184,7.26755952835083,6.038513660430908,5.852654457092285,5.183862686157227,4.570675373077393,2332.7978515625,76.22429656982422,11.70760440826416
10200,10301,17,3,225,52,0,5599.51220703125,797.5196533203125,361.823486328125,139.88949584960938,101.62174224853516,47.24826431274414,33.1868896484375,23.820711135864258,16.154733657836914,13.405814170837402,8.679740905761719,7.767462730407715,6.362303733825684,6.255256175994873,5.941659927368164,4.929435729980469,4.09443473815918,2305.753173828125,96.45502471923828,13.643519401550293
10200,10301,17,3,225,52,1,5612.40380859375,797.058837890625,360.94232177734375,140.96417236328125,105.2557601928711,48.398067474365234,35.3614616394043,24.565771102905273,15.99447250366211,13.439247131347656,8.655946731567383,7.870091915130615,6.614294052124023,5.909587860107422,5.525619029998779,5.157529354095459,3.959550380706787,2310.80712890625,96.87191772460938,13.358429908752441
10400,10501,17,3,230,53,0,5810.3828125,872.0696411132812,364.5224304199219,174.5157012939453,77.00456237792969,45.20886993408203,30.38394546508789,24.788854598999023,17.98206901550293,12.860660552978516,9.968901634216309,8.313854217529297,7.308084011077881,6.917762279510498,6.343696117401123,5.190263748168945,3.972032308578491,2428.046875,109.08523559570312,16.71306610107422
10400,10501,17,3,230,53,1,5826.095703125,872.8114624023438,365.8135986328125,174.5378875732422,77.42997741699219,44.64646911621094,28.818309783935547,26.589130401611328,18.928466796875,12.603920936584473,9.711556434631348,7.766024589538574,7.301060199737549,7.214631080627441,5.671867847442627,5.589259624481201,4.69258451461792,2434.489013671875,109.84957122802734,15.946438789367676
10600,10701,17,3,222,54,0,5677.3955078125,815.8895874023438,381.12445068359375,156.99240112304688,89.13243865966797,54.906246185302734,34.62454605102539,24.30446434020996,16.821054458618164,12.566466331481934,11.914702415466309,10.13499927520752,8.708927154541016,7.051824569702148,6.525512218475342,6.2208051681518555,4.6960225105285645,2380.80029296875,97.78102111816406,16.114259719848633
10600,10701,17,3,222,54,1,5686.966796875,823.7014770507812,384.50714111328125,159.22308349609375,91.50733184814453,55.8557243347168,36.14836120605469,26.070026397705078,17.2574405670166,13.20691967010498,10.843019485473633,9.428011894226074,7.300322532653809,6.882297992706299,6.472228527069092,5.845959186553955,4.735631942749023,2384.58837890625,99.06562805175781,16.025869369506836
10800,10901,17,3,231,55,0,5948.06640625,863.7865600585938,414.2718811035156,186.7236785888672,99.03397369384766,54.293704986572266,38.04664611816406,20.820384979248047,18.00054359436035,13.51124382019043,10.899455070495605,9.062966346740723,8.323126792907715,7.681066513061523,6.779268264770508,6.343769073486328,4.593719482421875,2483.643310546875,114.88204193115234,15.337007522583008
10800,10901,17,3,231,55,1,5954.25634765625,865.8934936523438,414.9420166015625,186.18197631835938,100.7362289428711,53.55928039550781,37.35191345214844,22.799100875854492,19.62742805480957,13.643691062927246,10.938265800476074,9.937771797180176,8.238049507141113,7.1721110343933105,6.933887958526611,6.428806781768799,5.694784164428711,2486.28173828125,115.2314224243164,15.09354305267334
11000,11101,17,3,233,56,0,5830.08642578125,895.5771484375,364.7818298339844,172.54864501953125,100.51615905761719,51.413246154785156,31.71184539794922,23.962162017822266,18.402368545532227,13.714588165283203,12.893500328063965,9.830677032470703,9.020012855529785,7.659341335296631,7.147980690002441,6.0938496589660645,5.697643280029297,2449.208740234375,105.15301513671875,13.272676467895508
11000,11101,17,3,233,56,1,5833.88037109375,890.81982421875,359.77398681640625,173.95880126953125,101.80596160888672,50.764404296875,31.832521438598633,25.447343826293945,18.166654586791992,13.114363670349121,11.190736770629883,9.307926177978516,8.841492652893066,7.76535701751709,7.116672515869141,6.028652667999268,4.938701629638672,2452.48681640625,106.75263214111328,14.52421760559082
11200,11301,17,3,219,57,0,5748.58447265625,862.996337890625,387.5185546875,190.22244262695312,81.91853332519531,53.50752258300781,35.70966339111328,21.126001358032227,15.810321807861328,14.139078140258789,11.149264335632324,10.094731330871582,8.289210319519043,6.846017360687256,6.080437183380127,5.661797046661377,5.301426887512207,2447.18896484375,106.47252655029297,14.241573333740234
11200,11301,17,3,219,57,1,5746.16162109375,864.6485595703125,389.9422302246094,192.9124755859375,82.93608856201172,53.06062316894531,36.066688537597656,21.689184188842773,18.861886978149414,14.72647762298584,11.014203071594238,9.295820236206055,8.525800704956055,7.111602783203125,6.922384262084961,5.572454452514648,5.143587112426758,2446.6025390625,108.02789306640625,15.468873977661133
11400,11501,17,3,230,58,0,5938.02294921875,883.6068725585938,386.5391845703125,196.28533935546875,111.44953155517578,56.3101692199707,44.35179901123047,33.63310241699219,20.054426193237305,15.325530052185059,12.283273696899414,9.785959243774414,8.907861709594727,7.8654351234436035,6.977092266082764,6.421570301055908,5.650562763214111,2490.3759765625,106.92718505859375,18.3631534576416
11400,11501,17,3,230,58,1,5852.5029296875,889.7902221679688,385.7902526855469,197.74517822265625,113.03524017333984,57.927040100097656,46.0245246887207,32.88642120361328,22.70781707763672,14.591222763061523,12.931035041809082,9.673006057739258,8.784041404724121,7.4117913246154785,7.252340316772461,6.8803582191467285,6.037181377410889,2454.477783203125,108.64043426513672,16.96588897705078
11600,11701,17,3,227,59,0,5872.17529296875,866.1621704101562,391.64984130859375,185.31666564941406,103.70134735107422,58.92580032348633,42.30040740966797,33.61507034301758,19.247190475463867,14.68722915649414,12.950661659240723,9.924439430236816,8.741267204284668,7.45486307144165,6.944136619567871,6.529887676239014,5.469683647155762,2509.614501953125,102.15380859375,17.01529884338379
11600,11701,17,3,227,59,1,5904.0478515625,867.8536376953125,392.94622802734375,183.89279174804688,105.47032928466797,57.9266242980957,43.6635856628418,34.90841293334961,18.599449157714844,15.537867546081543,13.143295288085938,11.348821640014648,8.955496788024902,8.4605131149292,7.7010297775268555,7.417740345001221,6.7273335456848145,2523.0595703125,104.20614624023438,19.238197326660156
11800,11901,17,3,224,60,0,5847.78271484375,895.8714599609375,388.41058349609375,134.474853515625,94.63932037353516,52.15614318847656,33.984840393066406,26.62970542907715,16.294883728027344,13.8301420211792,10.370874404907227,10.255561828613281,9.711573600769043,7.800846099853516,7.271701812744141,6.752468109130859,5.5064592361450195,2439.347412109375,94.67897033691406,14.315488815307617
11800,11901,17,3,224,60,1,5868.564453125,892.3487548828125,386.2301940917969,131.96519470214844,96.322998046875,51.497982025146484,33.49003601074219,27.616987228393555,17.591432571411133,14.064162254333496,11.433837890625,9.802746772766113,9.121899604797363,7.474010944366455,7.335537433624268,6.541774272918701,5.723305702209473,2447.129638671875,94.75859069824219,13.811604499816895
12000,12101,17,3,230,61,0,6181.5517578125,1001.6437377929688,420.88494873046875,175.91714477539062,114.11885833740234,64.00948333740234,46.617496490478516,29.919071197509766,20.704586029052734,15.889266967773438,12.75988483428955,11.083499908447266,9.310796737670898,8.994500160217285,8.2692232131958,7.6908464431762695,6.835380554199219,2620.8603515625,111.60960388183594,18.55977439880371
12000,12101,17,3,230,61,1,6176.42724609375,999.036376953125,419.5050964355469,177.52772521972656,117.79460906982422,65.4170150756836,44.2124137878418,30.053434371948242,21.36272430419922,15.666077613830566,13.691366195678711,11.438985824584961,9.329102516174316,8.639935493469238,7.839682102203369,7.442728042602539,7.0885090827941895,2617.564453125,111.34669494628906,19.609317779541016
12200,12301,17,3,224,62,0,6087.7607421875,857.3583984375,443.07720947265625,182.5920867919922,99.67804718017578,58.53248977661133,36.31250762939453,28.89653778076172,20.237470626831055,14.69775390625,13.529500007629395,10.856510162353516,8.692039489746094,8.098958015441895,7.340083122253418,6.187048435211182,5.46584415435791,2526.2060546875,112.9120101928711,18.962350845336914
12200,12301,17,3,224,62,1,6090.623046875,859.4037475585938,443.52325439453125,182.6663360595703,104.98306274414062,57.584747314453125,39.844688415527344,30.1643123626709,18.616464614868164,14.404439926147461,13.260903358459473,10.216347694396973,9.013404846191406,8.376559257507324,7.798416614532471,6.080544948577881,5.449448108673096,2526.647216796875,111.36474609375,16.58336639404297
12400,12501,17,3,223,63,0,6022.40087890625,931.2014770507812,359.0880432128906,197.63528442382812,99.75634002685547,58.51503372192383,46.771724700927734,23.522249221801758,19.123701095581055,15.380380630493164,12.1356840133667,9.999258041381836,9.334440231323242,7.486661434173584,7.2295708656311035,5.744668960571289,4.708428382873535,2527.055419921875,114.59989166259766,14.222979545593262
12400,12501,17,3,223,63,1,6049.2626953125,931.3187866210938,358.87261962890625,199.34193420410156,101.94395446777344,59.20219802856445,47.03563690185547,23.665157318115234,19.6258487701416,14.588953018188477,12.042587280273438,11.121867179870605,9.403448104858398,7.933362007141113,7.585609436035156,6.489656925201416,5.625607967376709,2537.047119140625,118.98030090332031,13.76539134979248
12600,12701,17,3,225,64,0,6197.69384765625,909.7374877929688,418.2016296386719,188.88096618652344,104.15629577636719,58.01710510253906,38.01015853881836,26.04509925842285,18.827016830444336,14.228808403015137,11.888901710510254,11.389824867248535,10.262336730957031,8.836281776428223,7.986620903015137,6.961234092712402,5.7148356437683105,2555.433837890625,111.4315185546875,14.075570106506348
12600,12701,17,3,225,64,1,6186.775390625,909.4835205078125,415.829833984375,188.1062469482422,104.04364013671875,59.61676025390625,38.60872268676758,25.664690017700195,18.591764450073242,14.888745307922363,13.430397033691406,12.006208419799805,10.461175918579102,8.957155227661133,8.854580879211426,7.465295314788818,6.606118202209473,2548.706787109375,110.7025375366211,14.0870361328125
12800,12901,17,3,223,65,0,6161.947265625,872.6791381835938,408.2787780761719,185.7561492919922,107.99203491210938,60.73912811279297,40.59103012084961,29.582502365112305,20.177814483642578,16.18805694580078,12.530997276306152,10.913678169250488,9.577832221984863,8.002703666687012,7.940585613250732,6.64825439453125,5.603558540344238,2531.996337890625,101.8988265991211,13.414559364318848
12800,12901,17,3,223,65,1,6144.36181640625,869.3340454101562,404.0047607421875,184.820068359375,105.88793182373047,62.24534606933594,41.65262985229492,28.664140701293945,19.548004150390625,15.07967472076416,13.683164596557617,12.392682075500488,9.745543479919434,8.951648712158203,7.971582412719727,6.451680660247803,5.794008255004883,2523.63623046875,102.14726257324219,14.013372421264648
13000,13101,17,3,229,66,0,6241.31005859375,899.9959106445312,456.6494140625,196.11827087402344,105.9569091796875,65.49064636230469,51.889892578125,37.30675506591797,18.878820419311523,17.403606414794922,13.052471160888672,12.101319313049316,10.284576416015625,9.14078426361084,7.194220066070557,6.609567642211914,6.113824367523193,2557.897216796875,119.13521575927734,19.48088264465332
13000,13101,17,3,229,66,1,6244.09912109375,897.08056640625,451.5703430175781,195.02066040039062,105.98780822753906,66.61579895019531,52.39517593383789,36.770904541015625,20.962793350219727,17.302783966064453,13.611446380615234,12.013591766357422,10.260757446289062,8.840193748474121,7.4305830001831055,6.43004846572876,6.195803165435791,2559.722900390625,118.9587173461914,21.26443099975586
13200,13301,17,3,227,67,0,6399.73876953125,947.6259155273438,414.29962158203125,206.73062133789062,110.07618713378906,74.03984069824219,46.982357025146484,27.798601150512695,22.198772430419922,15.550755500793457,14.221078872680664,13.133650779724121,11.290389060974121,8.951744079589844,8.206836700439453,6.451215744018555,5.219087600708008,2688.74560546875,118.84062194824219,16.529293060302734
13200,13301,17,3,227,67,1,6406.705078125,949.4080810546875,416.5177001953125,206.92849731445312,111.69668579101562,73.52168273925781,44.40507125854492,25.508756637573242,20.562625885009766,15.719930648803711,15.099485397338867,12.325074195861816,11.250487327575684,8.891033172607422,8.345519065856934,7.794074535369873,6.061489105224609,2692.80908203125,120.45421600341797,16.141429901123047
13400,13501,17,3,223,68,0,6201.359375,956.224609375,407.57672119140625,207.57496643066406,125.15277862548828,59.69929504394531,47.71074295043945,28.197158813476562,24.015832901000977,18.776161193847656,13.674654006958008,12.644942283630371,10.600631713867188,8.640510559082031,7.885963439941406,6.833628177642822,5.777116775512695,2546.023681640625,105.06587982177734,18.4416446685791
13400,13501,17,3,223,68,1,6219.7001953125,956.0242919921875,409.8921203613281,210.50686645507812,123.9247817993164,61.79090118408203,47.74034118652344,27.296152114868164,22.81117057800293,18.32064437866211,16.19813346862793,12.844590187072754,11.68454647064209,9.393021583557129,8.427570343017578,7.8544440269470215,6.301706314086914,2551.82080078125,107.22733306884766,18.04743194580078
13600,13701,17,3,221,69,0,6242.9619140625,934.725341796875,406.82086181640625,207.47348022460938,129.54031372070312,63.75232696533203,46.019466400146484,31.618398666381836,23.541732788085938,18.00095558166504,14.113455772399902,12.074424743652344,10.468504905700684,9.001055717468262,8.516191482543945,7.407881736755371,6.803618907928467,2613.92919921875,130.42581176757812,24.54955291748047
13600,13701,17,3,221,69,1,6191.658203125,933.3577270507812,407.71759033203125,208.53482055664062,130.12652587890625,64.763916015625,45.21013641357422,33.92861557006836,22.812753677368164,17.74981689453125,14.6154203414917,13.70050048828125,10.825895309448242,10.466158866882324,8.805488586425781,7.655348777770996,6.759886741638184,2593.720947265625,132.5974884033203,24.215347290039062
13800,13901,17,3,221,70,0,6437.310546875,989.3067626953125,435.8114013671875,230.63848876953125,120.26560974121094,76.8991928100586,56.017242431640625,32.905452728271484,25.97977638244629,19.026641845703125,16.024391174316406,12.59166145324707,10.784795761108398,9.637188911437988,9.30902099609375,7.951737403869629,6.544677734375,2655.452880859375,106.5666732788086,17.821239471435547
13800,13901,17,3,221,70,1,6414.62744140625,988.3069458007812,435.36260986328125,232.49349975585938,121.67131042480469,79.255859375,53.84835433959961,33.66653823852539,25.577659606933594,20.094770431518555,16.87113380432129,12.903480529785156,11.98338508605957,9.644242286682129,8.672839164733887,8.542466163635254,7.338397026062012,2647.224853515625,108.31874084472656,17.52045440673828
14000,14101,17,3,231,71,0,6392.39306640625,887.224609375,406.5941467285156,222.09153747558594,140.32366943359375,79.2742919921875,47.85322189331055,34.608299255371094,30.09151840209961,22.131519317626953,16.125900268554688,13.40927791595459,12.329566955566406,11.202736854553223,9.2439546585083,7.087082386016846,6.8912787437438965,2683.8056640625,134.04473876953125,19.729642868041992
14000,14101,17,3,231,71,1,6392.416015625,887.7080078125,405.77496337890625,222.8034210205078,139.5690155029297,80.29705810546875,49.754310607910156,33.93628692626953,29.577795028686523,19.676891326904297,16.45720100402832,14.555611610412598,11.646150588989258,11.054872512817383,9.707489967346191,7.584742546081543,7.054750442504883,2685.255126953125,133.16102600097656,20.481975555419922
14200,14301,17,3,224,72,0,6395.5908203125,926.6589965820312,464.4048767089844,208.0201416015625,130.38819885253906,75.0703125,53.54208755493164,35.89763641357422,25.78404426574707,20.456172943115234,15.644095420837402,13.775089263916016,11.98337459564209,9.980228424072266,9.138500213623047,7.447660446166992,6.611372470855713,2677.111572265625,118.30362701416016,18.596576690673828
14200,14301,17,3,224,72,1,6410.28369140625,924.7249145507812,462.5140075683594,206.82681274414062,132.23196411132812,79.73027801513672,53.4443244934082,36.29935073852539,26.230186462402344,20.114574432373047,15.184680938720703,13.873514175415039,13.15600872039795,11.049087524414062,10.345890045166016,9.35401725769043,7.095062732696533,2683.03271484375,117.64921569824219,18.880884170532227
14400,14501,17,3,221,73,0,6176.59375,931.1013793945312,459.64068603515625,221.46206665039062,123.13941192626953,75.66193389892578,56.62723159790039,45.83363723754883,28.355085372924805,23.197032928466797,17.207462310791016,16.109403610229492,12.310044288635254,9.461220741271973,8.069427490234375,6.980979919433594,6.193040370941162,2595.548095703125,124.45127868652344,24.40234375
14400,14501,17,3,221,73,1,6174.38818359375,926.4893798828125,456.8731689453125,221.1976776123047,121.34673309326172,73.67804718017578,58.836082458496094,45.03322982788086,26.940114974975586,22.49742889404297,18.148086547851562,16.7482967376709,12.172656059265137,10.474041938781738,9.883317947387695,8.481880187988281,6.663431644439697,2594.263427734375,122.67068481445312,25.105133056640625
14600,14701,17,3,226,74,0,6365.439453125,954.8818969726562,405.30712890625,207.8397979736328,109.68046569824219,66.90233612060547,43.684974670410156,35.182159423828125,19.72344398498535,18.051725387573242,14.874521255493164,12.80922794342041,10.351601600646973,9.772212982177734,9.133042335510254,7.535334587097168,6.666865348815918,2684.166015625,120.48461151123047,18.572525024414062
14600,14701,17,3,226,74,1,6404.50244140625,955.0575561523438,405.7306213378906,211.25689697265625,110.22443389892578,66.72813415527344,45.57938766479492,33.27741241455078,19.37578582763672,17.69681167602539,15.963921546936035,13.035801887512207,10.967965126037598,9.702308654785156,9.253668785095215,8.624502182006836,6.360009670257568,2701.6845703125,121.28748321533203,18.68471908569336
14800,14901,17,3,227,75,0,6610.38134765625,873.0107421875,435.7056579589844,218.84422302246094,122.06273651123047,84.4703140258789,60.5361442565918,38.74945831298828,30.573116302490234,20.632570266723633,16.991636276245117,14.270242691040039,12.173453330993652,10.7465181350708,9.768624305725098,8.916138648986816,6.962240695953369,2708.773681640625,110.24373626708984,16.363271713256836
14800,14901,17,3,227,75,1,6613.00341796875,874.3562622070312,437.45501708984375,219.93170166015625,124.52833557128906,84.21125793457031,61.415130615234375,38.80817413330078,30.46224594116211,20.380353927612305,17.51606559753418,15.119193077087402,12.486650466918945,11.645668029785156,9.659427642822266,7.862771034240723,7.371458053588867,2708.375244140625,110.20270538330078,16.343961715698242
15000,15101,17,3,226,76,0,6287.71630859375,903.9346923828125,403.38385009765625,214.89852905273438,152.0858917236328,74.940185546875,55.30022048950195,40.506710052490234,23.30056381225586,17.130943298339844,16.061016082763672,14.022648811340332,11.32669448852539,9.531891822814941,8.896234512329102,8.255362510681152,7.1541242599487305,2624.843505859375,116.36314392089844,15.53310489654541
15000,15101,17,3,226,76,1,6288.0,905.314453125,406.6920166015625,216.77928161621094,153.7984619140625,75.26245880126953,58.29829788208008,40.08847427368164,21.951580047607422,19.293493270874023,16.792285919189453,14.383085250854492,11.899740219116211,10.690034866333008,9.617911338806152,8.591379165649414,7.6841139793396,2625.245849609375,115.779052734375,16.39824676513672
15200,15301,17,3,221,77,0,6426.73681640625,940.33349609375,437.3957824707031,228.3599853515625,140.56314086914062,80.2949447631836,61.121826171875,40.097572326660156,27.795801162719727,21.443893432617188,14.657044410705566,12.940018653869629,11.80753231048584,9.873631477355957,7.883193016052246,7.170469760894775,6.245483875274658,2649.7880859375,120.47176361083984,18.746492385864258
15200,15301,17,3,221,77,1,6407.5654296875,936.8658447265625,434.6361999511719,226.53932189941406,141.06192016601562,80.2800064086914,62.76276779174805,40.71058654785156,26.513477325439453,20.623071670532227,14.464289665222168,13.285077095031738,11.209494590759277,10.263354301452637,9.414794921875,7.949615955352783,7.452190399169922,2641.701416015625,119.52392578125,17.886045455932617
15400,15501,17,3,220,78,0,6353.31884765625,1000.276123046875,442.8007507324219,229.8489990234375,137.69287109375,93.48029327392578,59.701202392578125,44.61391830444336,25.836095809936523,22.259933471679688,17.783967971801758,15.586359024047852,13.021252632141113,11.456068992614746,9.059874534606934,7.963983058929443,7.262328624725342,2684.668701171875,125.63855743408203,20.888668060302734
15400,15501,17,3,220,78,1,6316.1845703125,993.8123779296875,438.9851989746094,230.21929931640625,135.83778381347656,95.69257354736328,63.739524841308594,45.98481750488281,25.254735946655273,22.781482696533203,16.811187744140625,14.853342056274414,11.774796485900879,11.157752990722656,9.941722869873047,9.107871055603027,8.424449920654297,2665.6552734375,125.18692016601562,22.167768478393555
15600,15701,17,3,226,79,0,6573.3984375,986.3360595703125,423.2339172363281,222.88088989257812,133.87669372558594,83.85087585449219,57.9593620300293,35.1754264831543,26.558862686157227,20.43222999572754,15.750516891479492,12.954219818115234,11.567272186279297,9.314496994018555,8.924094200134277,7.579951763153076,7.3482160568237305,2711.76220703125,107.11497497558594,16.9007568359375
15600,15701,17,3,226,79,1,6572.83447265625,986.3795166015625,423.1777648925781,224.27438354492188,133.96983337402344,84.37678527832031,59.022159576416016,35.67326736450195,28.219480514526367,22.060388565063477,16.862998962402344,14.718920707702637,11.305148124694824,9.686612129211426,9.305792808532715,7.596391201019287,7.196063995361328,2713.636474609375,106.13070678710938,16.284229278564453
15800,15901,17,3,224,80,0,6342.23388671875,942.805908203125,456.59881591796875,224.16574096679688,145.92897033691406,92.66175842285156,58.05226516723633,40.0410270690918,32.149757385253906,21.479787826538086,19.853500366210938,14.192047119140625,13.125908851623535,11.454495429992676,9.192070960998535,8.80437183380127,8.457566261291504,2680.750244140625,122.67488098144531,21.481002807617188
15800,15901,17,3,224,80,1,6356.658203125,944.1927490234375,454.8090515136719,227.65438842773438,146.26170349121094,92.27110290527344,59.3433723449707,40.01427459716797,30.73285484313965,20.99355125427246,18.77129554748535,14.28466796875,12.718648910522461,10.673751831054688,10.277280807495117,9.974933624267578,7.742484092712402,2686.616455078125,118.96854400634766,20.283994674682617
16000,16101,17,3,234,81,0,6631.080078125,922.740478515625,444.4118347167969,212.7421875,141.59620666503906,83.87434387207031,61.92622375488281,38.187843322753906,26.213308334350586,21.657737731933594,14.937182426452637,13.116547584533691,11.354220390319824,10.158845901489258,8.644993782043457,7.200294017791748,6.251960754394531,2791.926025390625,107.5215835571289,16.829309463500977
16000,16101,17,3,234,81,1,6604.43896484375,917.2391357421875,445.0662841796875,211.5429229736328,144.5024871826172,84.75308227539062,63.14878845214844,38.77055740356445,27.653493881225586,22.16203498840332,15.884214401245117,13.4205322265625,11.202404975891113,10.221477508544922,9.536439895629883,8.024334907531738,6.816178798675537,2782.5673828125,109.63020324707031,17.587230682373047
16200,16301,17,3,229,82,0,6465.1025390625,954.1212768554688,455.0066833496094,246.7049560546875,142.70875549316406,97.9422607421875,51.779361724853516,44.65321350097656,24.296287536621094,22.47087860107422,20.192167282104492,12.060454368591309,11.714202880859375,10.147054672241211,9.361554145812988,8.281454086303711,7.950859069824219,2735.431396484375,134.8664093017578,24.673728942871094
16200,16301,17,3,229,82,1,6492.8466796875,956.9989624023438,456.647216796875,251.65834045410156,144.96383666992188,101.09587860107422,53.10893630981445,45.16792297363281,26.466583251953125,24.147228240966797,19.488563537597656,13.897160530090332,11.678533554077148,11.24739933013916,9.763718605041504,8.796063423156738,7.902297496795654,2746.718994140625,136.40048217773438,25.430397033691406
16400,16501,17,3,219,83,0,6263.19873046875,982.1333618164062,444.6090393066406,229.63070678710938,136.59774780273438,79.6320571899414,54.44163131713867,39.305809020996094,24.218677520751953,19.528076171875,15.231884002685547,13.823816299438477,11.213846206665039,9.183143615722656,8.320873260498047,7.397472381591797,6.8009934425354,2669.528564453125,136.96688842773438,23.344900131225586
16400,16501,17,3,219,83,1,6255.64453125,979.6978149414062,449.2125549316406,234.257568359375,141.76416015625,82.08479309082031,58.91862487792969,40.643280029296875,26.17210578918457,19.720298767089844,16.64227867126465,12.840102195739746,10.600726127624512,9.528179168701172,7.903162002563477,7.705167293548584,6.600219249725342,2667.758544921875,139.28616333007812,22.79132843017578
16600,16701,17,3,222,84,0,6322.81689453125,866.8543701171875,422.32470703125,217.9360809326172,136.77032470703125,65.31580352783203,60.29206848144531,41.873775482177734,33.337249755859375,27.093917846679688,18.739912033081055,16.1395320892334,11.821085929870605,10.90313720703125,9.564966201782227,7.634580135345459,6.337127208709717,2647.852294921875,122.6496810913086,26.937549591064453
16600,16701,17,3,222,84,1,6337.6806640625,868.8779907226562,423.9267883300781,220.2940673828125,140.27932739257812,68.59020233154297,62.47074508666992,40.18306350708008,31.73646354675293,26.85896110534668,17.865917205810547,14.658479690551758,13.921500205993652,13.400211334228516,9.563998222351074,7.989049434661865,7.567327976226807,2653.119384765625,126.54197692871094,26.555086135864258
16800,16901,17,3,226,85,0,6604.75341796875,913.7301025390625,457.748291015625,244.8789520263672,126.80792236328125,92.4853286743164,53.46369552612305,35.20453643798828,26.82969093322754,22.081087112426758,18.329750061035156,15.634493827819824,12.282212257385254,11.556591987609863,9.590753555297852,7.5729660987854,6.394556045532227,2830.6484375,113.66123962402344,22.889665603637695
16800,16901,17,3,226,85,1,6601.31591796875,912.8452758789062,459.9598388671875,247.94920349121094,127.48231506347656,94.13526916503906,54.728721618652344,35.02375411987305,27.25508689880371,23.468626022338867,18.382633209228516,16.62721061706543,12.494597434997559,10.573240280151367,8.862494468688965,8.479182243347168,7.296014785766602,2828.5419921875,115.02550506591797,24.428804397583008
17000,17101,17,3,221,84,0,6684.9990234375,935.3507080078125,458.9458312988281,218.5506134033203,125.52503204345703,73.1561508178711,58.797080993652344,43.432228088378906,32.71165466308594,27.31877899169922,19.030258178710938,15.76990032196045,12.578907012939453,10.63443660736084,8.903559684753418,7.590457439422607,6.952924728393555,2762.859130859375,106.2850112915039,26.49899673461914
17000,17101,17,3,221,84,1,6687.64453125,932.7910766601562,458.2013854980469,223.6153106689453,128.84332275390625,73.47987365722656,60.498199462890625,42.528865814208984,30.64121437072754,25.358060836791992,18.443485260009766,15.511488914489746,12.756318092346191,11.316154479980469,9.542374610900879,7.485517501831055,7.399170875549316,2763.236328125,107.16081237792969,25.51279640197754
17200,17301,17,3,221,87,0,6542.94140625,1004.8782348632812,458.1593322753906,204.53045654296875,130.19448852539062,89.56260681152344,58.737159729003906,41.5851936340332,31.351184844970703,24.54794692993164,17.780303955078125,14.579266548156738,12.445530891418457,9.38652515411377,8.442639350891113,7.846460819244385,7.293444633483887,2767.12255859375,101.91934967041016,19.370498657226562
17200,17301,17,3,221,87,1,6556.38671875,1008.9727172851562,462.85498046875,208.71437072753906,132.03720092773438,91.30056762695312,61.489219665527344,41.22661209106445,32.076053619384766,24.695449829101562,17.053682327270508,14.609726905822754,12.85425853729248,9.95864486694336,9.095129013061523,7.7842559814453125,6.899433135986328,2772.09814453125,104.24500274658203,19.568750381469727
17400,17501,17,3,225,88,0,6547.779296875,940.107421875,448.5524597167969,230.7144317626953,139.87799072265625,82.54713439941406,59.104820251464844,40.13324737548828,31.196773529052734,23.00374984741211,18.6483097076416,13.939233779907227,11.499817848205566,11.00460433959961,9.884719848632812,7.923480987548828,7.026474475860596,2722.768310546875,105.55941772460938,26.94526481628418
17400,17501,17,3,225,88,1,6555.6953125,944.0068359375,448.59490966796875,234.5452423095703,143.77005004882812,80.03050994873047,57.9661979675293,39.32223892211914,31.61956214904785,22.17268180847168,17.993568420410156,15.79727840423584,11.622383117675781,9.680224418640137,8.987690925598145,8.77347469329834,8.044989585876465,2727.23193359375,106.04158020019531,27.20707130432129
17600,17701,17,3,217,88,0,6509.4248046875,943.9129638671875,487.21820068359375,202.55825805664062,131.50074768066406,80.7061538696289,60.896636962890625,37.09850311279297,27.275476455688477,21.272937774658203,14.54133415222168,13.716743469238281,11.62662124633789,10.566661834716797,9.849573135375977,7.346648216247559,5.523987293243408,2720.6123046875,108.58614349365234,28.134967803955078
17600,17701,17,3,217,88,1,6513.31884765625,946.69921875,489.8576354980469,207.63247680664062,133.41448974609375,82.19271850585938,60.76597213745117,36.0688362121582,27.90213966369629,21.740388870239258,16.71050262451172,13.338021278381348,12.326699256896973,11.173738479614258,11.031877517700195,8.556821823120117,6.460549831390381,2723.269775390625,111.55068969726562,28.193998336791992
17800,17901,17,3,226,90,0,6518.19970703125,1025.1094970703125,444.9046630859375,252.35665893554688,139.78021240234375,91.73103332519531,74.27726745605469,45.46982955932617,30.24339485168457,26.481578826904297,22.737411499023438,17.840709686279297,13.153755187988281,9.99792766571045,8.909786224365234,7.88380241394043,6.587011814117432,2694.31494140625,124.14620208740234,22.26032257080078
17800,17901,17,3,226,90,1,6537.60498046875,1026.9705810546875,445.040771484375,252.80575561523438,141.44326782226562,89.41144561767578,72.35673522949219,45.40993881225586,29.997468948364258,26.406330108642578,21.350753784179688,16.645193099975586,12.636319160461426,11.759318351745605,9.66899299621582,8.495030403137207,7.5863118171691895,2701.97265625,121.6409683227539,24.743831634521484
18000,18101,17,3,226,91,0,6669.798828125,1009.7811279296875,389.16571044921875,228.15853881835938,137.1899871826172,80.5451889038086,59.99403762817383,43.627777099609375,29.178789138793945,22.961763381958008,20.617794036865234,16.60846519470215,12.269242286682129,11.36982536315918,10.051807403564453,7.825329303741455,7.540169715881348,2764.3916015625,118.0887222290039,27.503725051879883
18000,18101,17,3,226,91,1,6647.52392578125,1008.5707397460938,388.2446594238281,230.0274658203125,137.60784912109375,78.43663787841797,57.699378967285156,43.258460998535156,30.17244529724121,20.935762405395508,18.816762924194336,15.844432830810547,11.446134567260742,10.572497367858887,9.305678367614746,8.56800651550293,7.430585861206055,2756.575927734375,116.99565887451172,27.51042938232422
18200,18301,17,3,224,92,0,6661.0810546875,944.2297973632812,463.3531799316406,241.84266662597656,140.86703491210938,88.78797912597656,68.0353012084961,45.893978118896484,33.0250358581543,23.17979621887207,19.001611709594727,14.760498046875,11.901761054992676,11.119755744934082,10.887829780578613,7.673191070556641,6.408111095428467,2763.01025390625,115.8509521484375,18.705097198486328
18200,18301,17,3,224,92,1,6651.357421875,940.8763427734375,463.9825744628906,244.4086151123047,138.53982543945312,88.14524841308594,65.44725036621094,43.40059280395508,32.706085205078125,21.948183059692383,19.243844985961914,16.090957641601562,12.31994342803955,10.980206489562988,10.055320739746094,8.989192962646484,7.629336833953857,2757.452880859375,116.54733276367188,20.28263282775879
18400,18501,17,3,220,93,0,6499.11669921875,837.9249267578125,450.6033020019531,205.5452117919922,134.2429656982422,72.02996826171875,63.18058395385742,37.73440933227539,28.951452255249023,21.79505729675293,16.308971405029297,14.533071517944336,10.028078079223633,9.385591506958008,8.822054862976074,7.9350175857543945,4.822676658630371,2745.587890625,119.52908325195312,23.035579681396484
18400,18501,17,3,220,93,1,6503.869140625,838.6017456054688,453.4744567871094,205.2586669921875,137.05770874023438,71.4158706665039,60.43278121948242,35.62775421142578,27.550350189208984,22.29898452758789,14.901686668395996,12.794013023376465,10.63203239440918,10.226062774658203,8.836763381958008,7.734874725341797,7.0607781410217285,2748.9580078125,120.91075134277344,21.294328689575195
18600,18701,17,3,221,93,0,6698.29150390625,905.1624755859375,473.3699951171875,238.2662353515625,165.05081176757812,106.51876068115234,69.71987915039062,54.33519744873047,32.558319091796875,29.60852813720703,23.473365783691406,18.657087326049805,12.865277290344238,11.776927947998047,11.276840209960938,9.055914878845215,6.995532512664795,2823.61669921875,126.28462982177734,24.46086883544922
18600,18701,17,3,221,93,1,6706.38720703125,905.9654541015625,474.43792724609375,241.3452606201172,164.65223693847656,107.6795654296875,68.00749969482422,53.243350982666016,31.92790412902832,27.915998458862305,22.931629180908203,17.883686065673828,13.524515151977539,11.475740432739258,10.796708106994629,9.82822322845459,9.163784980773926,2822.878662109375,128.8297576904297,23.7966365814209
18800,18901,17,3,222,95,0,6405.52099609375,781.23095703125,414.9685974121094,257.80706787109375,132.9413604736328,92.9890365600586,67.35517120361328,42.321346282958984,35.25076675415039,26.7503662109375,19.054805755615234,12.874311447143555,11.14757251739502,9.359060287475586,7.632856369018555,6.996011257171631,5.35255241394043,2675.8681640625,129.84959411621094,23.851734161376953
18800,18901,17,3,222,95,1,6414.41357421875,776.5283813476562,414.0710144042969,260.5595397949219,130.7309112548828,93.31586456298828,64.8895492553711,37.90570831298828,34.67036819458008,27.828174591064453,18.643997192382812,13.802863121032715,11.78947639465332,9.820808410644531,8.599488258361816,7.499954700469971,6.055253982543945,2678.604248046875,130.44082641601562,23.954601287841797
19000,19101,17,3,226,96,0,6459.93017578125,1014.5744018554688,451.8990783691406,233.85943603515625,138.5117645263672,102.52484130859375,64.1070785522461,46.955570220947266,32.8529052734375,21.5406436920166,16.4112606048584,14.238271713256836,10.773446083068848,9.113570213317871,8.494255065917969,7.739574909210205,7.051364421844482,2688.168212890625,97.85617065429688,20.45299530029297
19000,19101,17,3,226,96,1,6460.2666015625,1012.4893798828125,451.9064025878906,234.64967346191406,136.65426635742188,102.39498901367188,64.8852310180664,46.218727111816406,30.680736541748047,21.947202682495117,16.45682144165039,15.580750465393066,11.541653633117676,10.172929763793945,9.467860221862793,8.1922025680542,7.9328227043151855,2689.24560546875,98.30986022949219,20.931276321411133
19200,19301,17,3,224,97,0,6605.20654296875,907.5388793945312,381.1741638183594,222.9098663330078,129.72694396972656,87.06392669677734,55.86429977416992,46.819801330566406,26.996583938598633,24.508512496948242,17.642501831054688,14.58133602142334,14.355012893676758,12.188684463500977,10.251260757446289,6.112893104553223,4.74199104309082,2754.742919921875,137.3755645751953,24.122283935546875
19200,19301,17,3,224,97,1,6543.28662109375,905.9119873046875,374.5108337402344,223.7858428955078,128.7627716064453,86.3846664428711,52.9166259765625,45.396385192871094,28.571556091308594,22.031967163085938,16.259510040283203,15.258779525756836,13.49966812133789,12.845369338989258,10.877528190612793,7.489429473876953,5.735751628875732,2729.49560546875,136.27783203125,24.283838272094727
19400,19501,17,3,225,97,0,6619.08642578125,966.263671875,361.9736022949219,209.70326232910156,151.95343017578125,85.30838012695312,70.64511108398438,37.98121643066406,34.429176330566406,26.438583374023438,17.018449783325195,15.455901145935059,13.877720832824707,11.618630409240723,10.160048484802246,8.361292839050293,6.12946891784668,2723.9140625,125.0192642211914,24.26453971862793
19400,19501,17,3,225,97,1,6609.482421875,966.0520629882812,361.2180480957031,210.31207275390625,152.69747924804688,83.46721649169922,70.08160400390625,36.82626724243164,32.69074249267578,25.295026779174805,17.592432022094727,15.368332862854004,13.033018112182617,12.279135704040527,9.927950859069824,9.0592041015625,6.672305107116699,2719.36572265625,126.03221893310547,24.261619567871094
19600,19701,17,3,211,99,0,6341.1298828125,911.4663696289062,407.8890075683594,197.91954040527344,153.5112762451172,91.0044937133789,65.0747299194336,44.38579559326172,30.538307189941406,24.549640655517578,19.5112247467041,15.418644905090332,14.096335411071777,12.282357215881348,10.521058082580566,7.907895088195801,7.1804046630859375,2629.972412109375,107.73387908935547,21.353208541870117
19600,19701,17,3,211,99,1,6343.38916015625,912.1626586914062,410.2433166503906,198.81182861328125,155.91796875,90.48925018310547,64.63865661621094,43.801883697509766,30.060808181762695,23.408954620361328,19.52942657470703,15.693997383117676,14.091385841369629,11.968173027038574,10.245918273925781,9.053352355957031,6.929599761962891,2633.369140625,107.36385345458984,20.6294002532959
19800,19901,17,3,216,99,0,6637.32373046875,931.2193603515625,429.5558166503906,217.7752685546875,149.05194091796875,85.52556610107422,61.754180908203125,42.45988464355469,29.899600982666016,27.69439125061035,18.62753677368164,16.571138381958008,14.443734169006348,11.29711627960205,9.45556926727295,8.38350772857666,6.494293689727783,2728.269775390625,143.19349670410156,30.00328254699707
19800,19901,17,3,216,99,1,6631.2978515625,933.7904663085938,432.13507080078125,218.7310791015625,145.38717651367188,86.44278717041016,60.56293487548828,41.07435607910156,28.68216323852539,26.65824317932129,20.325651168823242,17.69883918762207,13.663031578063965,12.152810096740723,9.987502098083496,8.382765769958496,7.197246074676514,2726.600830078125,140.98155212402344,29.190624237060547
